Name	Protein change	GRCh38Location	Canonical SPDI	CADD_PHRED	ACMG_Tier
NM_000527.5(LDLR):c.64G>T (p.Ala22Ser)	A22S	11089612	NC_000019.10:11089611:G:T	36.6	Likely Pathogenic
NM_000527.5(LDLR):c.65C>T (p.Ala22Val)	A22V	11089613	NC_000019.10:11089612:C:T	37.5	Likely Pathogenic
NM_000527.5(LDLR):c.82G>A (p.Glu28Lys)	E28K	11100237	NC_000019.10:11100236:G:A	11.4	Pathogenic
NM_000527.5(LDLR):c.90C>G (p.Asn30Lys)	N30K	11100245	NC_000019.10:11100244:C:G	33.2	Likely Pathogenic
NM_000527.5(LDLR):c.91G>A (p.Glu31Lys)	E31K	11100246	NC_000019.10:11100245:G:A	25.7	Likely Pathogenic
NM_000527.5(LDLR):c.109G>A (p.Gly37Arg)	G37R	11100264	NC_000019.10:11100263:G:A	20.8	Pathogenic
NM_000527.5(LDLR):c.114A>C (p.Lys38Asn)	K38N	11100269	NC_000019.10:11100268:A:C	29.5	VUS
NM_000527.5(LDLR):c.118A>G (p.Ile40Val)	I40V	11100273	NC_000019.10:11100272:A:G	5.4	VUS
NM_000527.5(LDLR):c.121T>A (p.Ser41Thr)	S41T	11100276	NC_000019.10:11100275:T:A	26.3	Pathogenic
NM_000527.5(LDLR):c.122C>T (p.Ser41Phe)	S41F	11100277	NC_000019.10:11100276:C:T	28.2	Likely Pathogenic
NM_000527.5(LDLR):c.125A>G (p.Tyr42Cys)	Y42C	11100280	NC_000019.10:11100279:A:G	18.3	VUS
NM_000527.5(LDLR):c.131G>T (p.Trp44Leu)	W44L	11100286	NC_000019.10:11100285:G:T	28.8	VUS
NM_000527.5(LDLR):c.132G>C (p.Trp44Cys)	W44C	11100287	NC_000019.10:11100286:G:C	37.4	VUS
NM_000527.5(LDLR):c.134T>G (p.Val45Gly)	V45G	11100289	NC_000019.10:11100288:T:G	10.2	VUS
NM_000527.5(LDLR):c.139G>T (p.Asp47Tyr)	D47Y	11100294	NC_000019.10:11100293:G:T	18.5	VUS
NM_000527.5(LDLR):c.139G>C (p.Asp47His)	D47H	11100294	NC_000019.10:11100293:G:C	37.6	VUS
NM_000527.5(LDLR):c.139G>A (p.Asp47Asn)	D47N	11100294	NC_000019.10:11100293:G:A	39.1	Likely Pathogenic
NM_000527.5(LDLR):c.143G>A (p.Gly48Asp)	G48D	11100298	NC_000019.10:11100297:G:A	4.7	VUS
NM_000527.5(LDLR):c.145A>C (p.Ser49Arg)	S49R	11100300	NC_000019.10:11100299:A:C	19	VUS
NM_000527.5(LDLR):c.148G>A (p.Ala50Thr)	A50T	11100303	NC_000019.10:11100302:G:A	22.4	Likely Pathogenic
NM_000527.5(LDLR):c.148G>T (p.Ala50Ser)	A50S	11100303	NC_000019.10:11100302:G:T	36.2	VUS
NM_000527.5(LDLR):c.153G>C (p.Glu51Asp)	E51D	11100308	NC_000019.10:11100307:G:C	5.5	Likely Pathogenic
NM_000527.5(LDLR):c.161A>C (p.Asp54Ala)	D54A	11100316	NC_000019.10:11100315:A:C	39.6	VUS
NM_000527.5(LDLR):c.169G>A (p.Asp57Asn)	D57N	11100324	NC_000019.10:11100323:G:A	37.9	VUS
NM_000527.5(LDLR):c.170A>G (p.Asp57Gly)	D57G	11100325	NC_000019.10:11100324:A:G	3.3	Likely Pathogenic
NM_000527.5(LDLR):c.170A>C (p.Asp57Ala)	D57A	11100325	NC_000019.10:11100324:A:C	20.6	Likely Pathogenic
NM_000527.5(LDLR):c.181G>A (p.Glu61Lys)	E61K	11100336	NC_000019.10:11100335:G:A	15.6	Likely Pathogenic
NM_000527.5(LDLR):c.185C>G (p.Thr62Arg)	T62R	11100340	NC_000019.10:11100339:C:G	36.2	VUS
NM_000527.5(LDLR):c.185C>T (p.Thr62Met)	T62M	11100340	NC_000019.10:11100339:C:T	17.9	VUS
NM_000527.5(LDLR):c.188G>T (p.Cys63Phe)	C63F	11100343	NC_000019.10:11100342:G:T	33.4	VUS
NM_000527.5(LDLR):c.188G>A (p.Cys63Tyr)	C63Y	11100343	NC_000019.10:11100342:G:A	29.5	VUS
NM_000527.5(LDLR):c.200C>T (p.Thr67Ile)	T67I	11102673	NC_000019.10:11102672:C:T	32.4	Likely Pathogenic
NM_000527.5(LDLR):c.202T>G (p.Cys68Gly)	C68G	11102675	NC_000019.10:11102674:T:G	15.5	VUS
NM_000527.5(LDLR):c.203G>T (p.Cys68Phe)	C68F	11102676	NC_000019.10:11102675:G:T	27.4	VUS
NM_000527.5(LDLR):c.211G>A (p.Gly71Arg)	G71R	11102684	NC_000019.10:11102683:G:A	0.2	Pathogenic
NM_000527.5(LDLR):c.226G>C (p.Gly76Arg)	G76R	11102699	NC_000019.10:11102698:G:C	33.3	Pathogenic
NM_000527.5(LDLR):c.226G>T (p.Gly76Trp)	G76W	11102699	NC_000019.10:11102698:G:T	0.3	Likely Pathogenic
NM_000527.5(LDLR):c.232C>T (p.Arg78Cys)	R78C	11102705	NC_000019.10:11102704:C:T	8.3	VUS
NM_000527.5(LDLR):c.233G>A (p.Arg78His)	R78H	11102706	NC_000019.10:11102705:G:A	36.3	Likely Pathogenic
NM_000527.5(LDLR):c.239A>G (p.Asn80Ser)	N80S	11102712	NC_000019.10:11102711:A:G	24.5	Likely Pathogenic
NM_000527.5(LDLR):c.240C>A (p.Asn80Lys)	N80K	11102713	NC_000019.10:11102712:C:A	15.2	Likely Pathogenic
NM_000527.5(LDLR):c.241C>A (p.Arg81Ser)	R81S	11102714	NC_000019.10:11102713:C:A	17.4	Likely Pathogenic
NM_000527.5(LDLR):c.242G>A (p.Arg81His)	R81H	11102715	NC_000019.10:11102714:G:A	1.5	VUS
NM_000527.5(LDLR):c.248T>C (p.Ile83Thr)	I83T	11102721	NC_000019.10:11102720:T:C	38.9	VUS
NM_000527.5(LDLR):c.250C>T (p.Pro84Ser)	P84S	11102723	NC_000019.10:11102722:C:T	17.3	VUS
NM_000527.5(LDLR):c.251C>G (p.Pro84Arg)	P84R	11102724	NC_000019.10:11102723:C:G	38.3	Pathogenic
NM_000527.5(LDLR):c.251C>T (p.Pro84Leu)	P84L	11102724	NC_000019.10:11102723:C:T	35.5	Pathogenic
NM_000527.5(LDLR):c.255G>T (p.Gln85His)	Q85H	11102728	NC_000019.10:11102727:G:T	25.6	Likely Pathogenic
NM_000527.5(LDLR):c.259T>C (p.Trp87Arg)	W87R	11102732	NC_000019.10:11102731:T:C	38.8	Likely Pathogenic
NM_000527.5(LDLR):c.264G>C (p.Arg88Ser)	R88S	11102737	NC_000019.10:11102736:G:C	24.8	Likely Pathogenic
NM_000527.5(LDLR):c.274C>G (p.Gln92Glu)	Q92E	11102747	NC_000019.10:11102746:C:G	13.3	VUS
NM_000527.5(LDLR):c.286G>A (p.Asp96Asn)	D96N	11102759	NC_000019.10:11102758:G:A	13.9	Likely Pathogenic
NM_000527.5(LDLR):c.292G>T (p.Gly98Cys)	G98C	11102765	NC_000019.10:11102764:G:T	15.9	Pathogenic
NM_000527.5(LDLR):c.292G>C (p.Gly98Arg)	G98R	11102765	NC_000019.10:11102764:G:C	31.4	Likely Pathogenic
NM_000527.5(LDLR):c.292G>A (p.Gly98Ser)	G98S	11102765	NC_000019.10:11102764:G:A	1.6	VUS
NM_000527.5(LDLR):c.293G>C (p.Gly98Ala)	G98A	11102766	NC_000019.10:11102765:G:C	30	Likely Pathogenic
NM_000527.5(LDLR):c.300C>G (p.Asp100Glu)	D100E	11102773	NC_000019.10:11102772:C:G	27.1	Likely Pathogenic
NM_000527.5(LDLR):c.305A>C (p.Gln102Pro)	Q102P	11102778	NC_000019.10:11102777:A:C	6.9	VUS
NM_000527.5(LDLR):c.313+4A>G	K192R	11102790	NC_000019.10:11102789:A:G	10.4	VUS
