Gene_Symbol	ClinicalSignificance	Chromosome	PositionVCF	ReferenceAlleleVCF	AlternateAlleleVCF	RS	ACMG_Tier	CADD_PHRED
LDLR	Conflicting classifications of pathogenicity	19	11105585	G	C	2077282480	VUS	28.4
LDLR	Conflicting classifications of pathogenicity	19	11106633	T	G	879254668	VUS	28.2
LDLR	Conflicting classifications of pathogenicity	19	11106652	G	A	121908040	VUS	27.8
LDLR	Conflicting classifications of pathogenicity	19	11100270	T	C	1555802275	VUS	27.8
LDLR	Conflicting classifications of pathogenicity	19	11105441	G	A	879254567	VUS	27.7
LDLR	Conflicting classifications of pathogenicity	19	11100250	T	C	879254403	VUS	27.7
LDLR	Conflicting classifications of pathogenicity	19	11106651	T	C	1372739823	VUS	27.4
LDLR	Conflicting classifications of pathogenicity	19	11105253	G	A	879254485	VUS	27.2
LDLR	Conflicting classifications of pathogenicity	19	11100235	G	A	1600700344	VUS	27.2
LDLR	Conflicting classifications of pathogenicity	19	11100310	G	A	879254418	VUS	27
LDLR	Conflicting classifications of pathogenicity	19	11105231	T	C	140807148	VUS	26.5
LDLR	Conflicting classifications of pathogenicity	19	11106669	G	A	879254679	VUS	26.4
LDLR	Conflicting classifications of pathogenicity	19	11105535	T	A	879254601	VUS	26.1
LDLR	Conflicting classifications of pathogenicity	19	11106592	T	C	748131256	VUS	26
LDLR	Conflicting classifications of pathogenicity	19	11105583	C	T	879254636	VUS	25.9
LDLR	Conflicting classifications of pathogenicity	19	11100322	C	T	-1	VUS	25.9
LDLR	Conflicting classifications of pathogenicity	19	11105436	C	G	121908026	VUS	25.8
LDLR	Conflicting classifications of pathogenicity	19	11105307	G	C	879254514	VUS	25.7
LDLR	Conflicting classifications of pathogenicity	19	11105553	G	T	879254611	VUS	25.6
LDLR	Conflicting classifications of pathogenicity	19	11105292	A	C	879254507	VUS	25.5
LDLR	Conflicting classifications of pathogenicity	19	11105537	C	G	771917370	VUS	25.3
LDLR	Conflicting classifications of pathogenicity	19	11102772	A	T	879254460	VUS	25.2
LDLR	Conflicting classifications of pathogenicity	19	11105306	T	G	875989900	VUS	25.2
LDLR	Conflicting classifications of pathogenicity	19	11105288	T	G	879254505	VUS	25.2
LDLR	Conflicting classifications of pathogenicity	19	11105303	G	A	879254513	VUS	25.1
LDLR	Conflicting classifications of pathogenicity	19	11105511	T	C	879254590	VUS	25.1
LDLR	Conflicting classifications of pathogenicity	19	11106670	A	C	879254680	VUS	25.1
LDLR	Conflicting classifications of pathogenicity	19	11105304	A	C	1317204420	VUS	25.1
LDLR	Conflicting classifications of pathogenicity	19	11105406	G	C	879254548	VUS	25
