Name	Gene(s)	Protein change	Condition(s)	Accession	GRCh37Chromosome	GRCh37Location	GRCh38Chromosome	GRCh38Location	VariationID	AlleleID(s)	dbSNP ID	Canonical SPDI	Variant type	Molecular consequence	Germline classification	Germline date last evaluated	Germline review status	Somatic clinical impact	Somatic clinical impact date last evaluated	Somatic clinical impact review status	Oncogenicity classification	Oncogenicity date last evaluated	Oncogenicity review status
NM_000527.5(LDLR):c.64G>T (p.Ala22Ser)	LDLR|LDLR-AS1	A22S	Hypercholesterolemia, familial, 1|Familial hypercholesterolemia	VCV000630382	19	11200288	19	11089612	630382	618932	rs942568624	NC_000019.10:11089611:G:T	single nucleotide variant	non-coding transcript variant|missense variant	Uncertain significance	Jul 10, 2023	criteria provided, multiple submitters, no conflicts	NA	NA	NA	NA	NA	NA
NM_000527.5(LDLR):c.65C>T (p.Ala22Val)	LDLR|LDLR-AS1	A22V	Familial hypercholesterolemia	VCV004069800	19	11200289	19	11089613	4069800	4180236	NA	NC_000019.10:11089612:C:T	single nucleotide variant	non-coding transcript variant|missense variant	Uncertain significance	Jan 1, 2025	no assertion criteria provided	NA	NA	NA	NA	NA	NA
NM_000527.5(LDLR):c.82G>A (p.Glu28Lys)	LDLR	E28K	Hypercholesterolemia, familial, 1	VCV000430745	19	11210913	19	11100237	430745	424291	rs551747280	NC_000019.10:11100236:G:A	single nucleotide variant	missense variant	Uncertain significance	Oct 28, 2022	reviewed by expert panel	NA	NA	NA	NA	NA	NA
NM_000527.5(LDLR):c.90C>G (p.Asn30Lys)	LDLR	N30K	not specified|Familial hypercholesterolemia|not provided|Hypercholesterolemia, familial, 1	VCV000453084	19	11210921	19	11100245	453084	446028	rs72658855	NC_000019.10:11100244:C:G	single nucleotide variant	missense variant	Uncertain significance	Dec 1, 2025	criteria provided, multiple submitters, no conflicts	NA	NA	NA	NA	NA	NA
NM_000527.5(LDLR):c.91G>A (p.Glu31Lys)	LDLR	E31K	Hypercholesterolemia, familial, 1	VCV000251013	19	11210922	19	11100246	251013	245368	rs776421777	NC_000019.10:11100245:G:A	single nucleotide variant	missense variant	Uncertain significance	Mar 24, 2023	reviewed by expert panel	NA	NA	NA	NA	NA	NA
NM_000527.5(LDLR):c.109G>A (p.Gly37Arg)	LDLR	G37R	Familial hypercholesterolemia|Hypercholesterolemia, familial, 1	VCV000925748	19	11210940	19	11100264	925748	914672	rs2077193497	NC_000019.10:11100263:G:A	single nucleotide variant	missense variant	Uncertain significance	Dec 16, 2022	criteria provided, multiple submitters, no conflicts	NA	NA	NA	NA	NA	NA
NM_000527.5(LDLR):c.114A>C (p.Lys38Asn)	LDLR	K38N	Familial hypercholesterolemia	VCV001421767	19	11210945	19	11100269	1421767	1337382	rs2147210320	NC_000019.10:11100268:A:C	single nucleotide variant	missense variant	Uncertain significance	Oct 19, 2021	criteria provided, single submitter	NA	NA	NA	NA	NA	NA
NM_000527.5(LDLR):c.118A>G (p.Ile40Val)	LDLR	I40V	Familial hypercholesterolemia|Hypercholesterolemia, familial, 1	VCV000441177	19	11210949	19	11100273	441177	434819	rs765969972	NC_000019.10:11100272:A:G	single nucleotide variant	missense variant	Uncertain significance	May 30, 2024	criteria provided, multiple submitters, no conflicts	NA	NA	NA	NA	NA	NA
NM_000527.5(LDLR):c.121T>A (p.Ser41Thr)	LDLR	S41T	Hypercholesterolemia, familial, 1	VCV000889189	19	11210952	19	11100276	889189	879826	rs2077193859	NC_000019.10:11100275:T:A	single nucleotide variant	missense variant	Uncertain significance	Jan 12, 2018	criteria provided, single submitter	NA	NA	NA	NA	NA	NA
NM_000527.5(LDLR):c.122C>T (p.Ser41Phe)	LDLR	S41F	Familial hypercholesterolemia	VCV000920364	19	11210953	19	11100277	920364	914673	rs567126042	NC_000019.10:11100276:C:T	single nucleotide variant	missense variant	Uncertain significance	Mar 9, 2020	criteria provided, single submitter	NA	NA	NA	NA	NA	NA
NM_000527.5(LDLR):c.125A>G (p.Tyr42Cys)	LDLR	Y42C	Familial hypercholesterolemia|not provided|Hypercholesterolemia, familial, 1	VCV000926987	19	11210956	19	11100280	926987	914674	rs2077193966	NC_000019.10:11100279:A:G	single nucleotide variant	missense variant	Uncertain significance	Dec 12, 2024	criteria provided, multiple submitters, no conflicts	NA	NA	NA	NA	NA	NA
NM_000527.5(LDLR):c.131G>T (p.Trp44Leu)	LDLR	W44L	Hypercholesterolemia, familial, 1	VCV000441178	19	11210962	19	11100286	441178	434820	rs267607213	NC_000019.10:11100285:G:T	single nucleotide variant	missense variant	Uncertain significance	Mar 1, 2016	criteria provided, single submitter	NA	NA	NA	NA	NA	NA
NM_000527.5(LDLR):c.132G>C (p.Trp44Cys)	LDLR	W44C	Familial hypercholesterolemia	VCV000919411	19	11210963	19	11100287	919411	914675	rs1555802287	NC_000019.10:11100286:G:C	single nucleotide variant	missense variant	Uncertain significance	Mar 6, 2024	criteria provided, single submitter	NA	NA	NA	NA	NA	NA
NM_000527.5(LDLR):c.134T>G (p.Val45Gly)	LDLR	V45G	not provided|Familial hypercholesterolemia	VCV000801196	19	11210965	19	11100289	801196	789646	rs1600700584	NC_000019.10:11100288:T:G	single nucleotide variant	missense variant	Uncertain significance	Sep 24, 2022	criteria provided, multiple submitters, no conflicts	NA	NA	NA	NA	NA	NA
NM_000527.5(LDLR):c.139G>T (p.Asp47Tyr)	LDLR	D47Y	Hypercholesterolemia, familial, 1	VCV000996231	19	11210970	19	11100294	996231	983999	rs778284147	NC_000019.10:11100293:G:T	single nucleotide variant	missense variant	Uncertain significance	Mar 30, 2022	reviewed by expert panel	NA	NA	NA	NA	NA	NA
NM_000527.5(LDLR):c.139G>C (p.Asp47His)	LDLR	D47H	Hypercholesterolemia, familial, 1	VCV000440546	19	11210970	19	11100294	440546	434196	rs778284147	NC_000019.10:11100293:G:C	single nucleotide variant	missense variant	Uncertain significance	Dec 13, 2021	reviewed by expert panel	NA	NA	NA	NA	NA	NA
NM_000527.5(LDLR):c.139G>A (p.Asp47Asn)	LDLR	D47N	Hypercholesterolemia, familial, 1	VCV000251034	19	11210970	19	11100294	251034	245388	rs778284147	NC_000019.10:11100293:G:A	single nucleotide variant	missense variant	Uncertain significance	Jun 7, 2021	reviewed by expert panel	NA	NA	NA	NA	NA	NA
NM_000527.5(LDLR):c.143G>A (p.Gly48Asp)	LDLR	G48D	Familial hypercholesterolemia	VCV000183082	19	11210974	19	11100298	183082	181221	rs730882077	NC_000019.10:11100297:G:A	single nucleotide variant	missense variant	Uncertain significance	Oct 19, 2024	criteria provided, single submitter	NA	NA	NA	NA	NA	NA
NM_000527.5(LDLR):c.145A>C (p.Ser49Arg)	LDLR	S49R	Familial hypercholesterolemia	VCV000926432	19	11210976	19	11100300	926432	914676	rs2077194647	NC_000019.10:11100299:A:C	single nucleotide variant	missense variant	Uncertain significance	Dec 5, 2023	criteria provided, single submitter	NA	NA	NA	NA	NA	NA
NM_000527.5(LDLR):c.148G>A (p.Ala50Thr)	LDLR	A50T	Hypercholesterolemia, familial, 1	VCV000251037	19	11210979	19	11100303	251037	245391	rs137853960	NC_000019.10:11100302:G:A	single nucleotide variant	missense variant	Uncertain significance	Oct 28, 2024	reviewed by expert panel	NA	NA	NA	NA	NA	NA
NM_000527.5(LDLR):c.148G>T (p.Ala50Ser)	LDLR	A50S	Hypercholesterolemia, familial, 1	VCV000068099	19	11210979	19	11100303	68099	78990	rs137853960	NC_000019.10:11100302:G:T	single nucleotide variant	missense variant	Uncertain significance	Oct 28, 2024	reviewed by expert panel	NA	NA	NA	NA	NA	NA
NM_000527.5(LDLR):c.153G>C (p.Glu51Asp)	LDLR	E51D	Familial hypercholesterolemia|not provided|Hypercholesterolemia, familial, 1	VCV000923931	19	11210984	19	11100308	923931	914678	rs772188884	NC_000019.10:11100307:G:C	single nucleotide variant	missense variant	Uncertain significance	Sep 23, 2024	criteria provided, multiple submitters, no conflicts	NA	NA	NA	NA	NA	NA
NM_000527.5(LDLR):c.161A>C (p.Asp54Ala)	LDLR	D54A	Familial hypercholesterolemia	VCV001061080	19	11210992	19	11100316	1061080	1051076	rs2147210651	NC_000019.10:11100315:A:C	single nucleotide variant	missense variant	Uncertain significance	Aug 30, 2021	criteria provided, single submitter	NA	NA	NA	NA	NA	NA
NM_000527.5(LDLR):c.169G>A (p.Asp57Asn)	LDLR	D57N	Hypercholesterolemia, familial, 1	VCV000251040	19	11211000	19	11100324	251040	245395	rs879254420	NC_000019.10:11100323:G:A	single nucleotide variant	missense variant	Uncertain significance	Aug 29, 2022	reviewed by expert panel	NA	NA	NA	NA	NA	NA
NM_000527.5(LDLR):c.170A>G (p.Asp57Gly)	LDLR	D57G	Familial hypercholesterolemia	VCV001380181	19	11211001	19	11100325	1380181	1506230	rs1555802310	NC_000019.10:11100324:A:G	single nucleotide variant	missense variant	Uncertain significance	Sep 8, 2021	criteria provided, single submitter	NA	NA	NA	NA	NA	NA
NM_000527.5(LDLR):c.170A>C (p.Asp57Ala)	LDLR	D57A	Hypercholesterolemia, familial, 1	VCV000523722	19	11211001	19	11100325	523722	514376	rs1555802310	NC_000019.10:11100324:A:C	single nucleotide variant	missense variant	Uncertain significance	Aug 29, 2022	reviewed by expert panel	NA	NA	NA	NA	NA	NA
NM_000527.5(LDLR):c.181G>A (p.Glu61Lys)	LDLR	E61K	Familial hypercholesterolemia	VCV001171763	19	11211012	19	11100336	1171763	1161498	rs2077195468	NC_000019.10:11100335:G:A	single nucleotide variant	missense variant	Uncertain significance	Mar 6, 2024	criteria provided, single submitter	NA	NA	NA	NA	NA	NA
NM_000527.5(LDLR):c.185C>G (p.Thr62Arg)	LDLR	T62R	Hypercholesterolemia, familial, 1	VCV000375775	19	11211016	19	11100340	375775	362667	rs376207800	NC_000019.10:11100339:C:G	single nucleotide variant	missense variant	Uncertain significance	Jun 23, 2021	reviewed by expert panel	NA	NA	NA	NA	NA	NA
NM_000527.5(LDLR):c.185C>T (p.Thr62Met)	LDLR	T62M	Hypercholesterolemia, familial, 1	VCV000161273	19	11211016	19	11100340	161273	171196	rs376207800	NC_000019.10:11100339:C:T	single nucleotide variant	missense variant	Uncertain significance	Jun 23, 2021	reviewed by expert panel	NA	NA	NA	NA	NA	NA
NM_000527.5(LDLR):c.188G>T (p.Cys63Phe)	LDLR	C63F	Hypercholesterolemia, familial, 1	VCV000440548	19	11211019	19	11100343	440548	434198	rs879254427	NC_000019.10:11100342:G:T	single nucleotide variant	missense variant	Uncertain significance	Mar 27, 2023	reviewed by expert panel	NA	NA	NA	NA	NA	NA
NM_000527.5(LDLR):c.188G>A (p.Cys63Tyr)	LDLR	C63Y	Hypercholesterolemia, familial, 1	VCV000251047	19	11211019	19	11100343	251047	245402	rs879254427	NC_000019.10:11100342:G:A	single nucleotide variant	missense variant	Uncertain significance	Jun 23, 2023	reviewed by expert panel	NA	NA	NA	NA	NA	NA
NM_000527.5(LDLR):c.200C>T (p.Thr67Ile)	LDLR	T67I	Familial hypercholesterolemia|not specified	VCV000629411	19	11213349	19	11102673	629411	618934	rs1337448484	NC_000019.10:11102672:C:T	single nucleotide variant	missense variant|intron variant	Uncertain significance	Oct 21, 2025	criteria provided, multiple submitters, no conflicts	NA	NA	NA	NA	NA	NA
NM_000527.5(LDLR):c.202T>G (p.Cys68Gly)	LDLR	C68G	Familial hypercholesterolemia	VCV000860036	19	11213351	19	11102675	860036	847197	rs1057519652	NC_000019.10:11102674:T:G	single nucleotide variant	missense variant|intron variant	Uncertain significance	Dec 5, 2022	criteria provided, multiple submitters, no conflicts	NA	NA	NA	NA	NA	NA
NM_000527.5(LDLR):c.203G>T (p.Cys68Phe)	LDLR	C68F	Hypercholesterolemia, familial, 1|Familial hypercholesterolemia	VCV000998055	19	11213352	19	11102676	998055	985780	rs2077229853	NC_000019.10:11102675:G:T	single nucleotide variant	missense variant|intron variant	Uncertain significance	Apr 8, 2021	criteria provided, multiple submitters, no conflicts	NA	NA	NA	NA	NA	NA
NM_000527.5(LDLR):c.211G>A (p.Gly71Arg)	LDLR	G71R	Hypercholesterolemia, familial, 1	VCV000375778	19	11213360	19	11102684	375778	362670	rs766903209	NC_000019.10:11102683:G:A	single nucleotide variant	missense variant|intron variant	Uncertain significance	Mar 24, 2023	reviewed by expert panel	NA	NA	NA	NA	NA	NA
NM_000527.5(LDLR):c.226G>C (p.Gly76Arg)	LDLR	G76R	Hypercholesterolemia, familial, 1	VCV001331775	19	11213375	19	11102699	1331775	1322495	rs574337291	NC_000019.10:11102698:G:C	single nucleotide variant	missense variant|intron variant	Uncertain significance	Apr 28, 2023	reviewed by expert panel	NA	NA	NA	NA	NA	NA
NM_000527.5(LDLR):c.226G>T (p.Gly76Trp)	LDLR	G76W	Hypercholesterolemia, familial, 1	VCV000251081	19	11213375	19	11102699	251081	245424	rs574337291	NC_000019.10:11102698:G:T	single nucleotide variant	missense variant|intron variant	Uncertain significance	Apr 28, 2023	reviewed by expert panel	NA	NA	NA	NA	NA	NA
NM_000527.5(LDLR):c.232C>T (p.Arg78Cys)	LDLR	R78C	Hypercholesterolemia, familial, 1	VCV000161289	19	11213381	19	11102705	161289	171197	rs370860696	NC_000019.10:11102704:C:T	single nucleotide variant	missense variant|intron variant	Uncertain significance	Jun 7, 2021	reviewed by expert panel	NA	NA	NA	NA	NA	NA
NM_000527.5(LDLR):c.233G>A (p.Arg78His)	LDLR	R78H	Hypercholesterolemia, familial, 1	VCV000251085	19	11213382	19	11102706	251085	245428	rs146675823	NC_000019.10:11102705:G:A	single nucleotide variant	missense variant|intron variant	Uncertain significance	Aug 28, 2022	reviewed by expert panel	NA	NA	NA	NA	NA	NA
NM_000527.5(LDLR):c.239A>G (p.Asn80Ser)	LDLR	N80S	Hypercholesterolemia, familial, 1	VCV000923296	19	11213388	19	11102712	923296	914680	rs1173004910	NC_000019.10:11102711:A:G	single nucleotide variant	missense variant|intron variant	Uncertain significance	Aug 29, 2022	reviewed by expert panel	NA	NA	NA	NA	NA	NA
NM_000527.5(LDLR):c.240C>A (p.Asn80Lys)	LDLR	N80K	Hypercholesterolemia, familial, 1	VCV000251087	19	11213389	19	11102713	251087	245430	rs879254444	NC_000019.10:11102712:C:A	single nucleotide variant	missense variant|intron variant	Uncertain significance	Aug 29, 2022	reviewed by expert panel	NA	NA	NA	NA	NA	NA
NM_000527.5(LDLR):c.241C>A (p.Arg81Ser)	LDLR	R81S	Hypercholesterolemia, familial, 1	VCV000251088	19	11213390	19	11102714	251088	245431	rs730882078	NC_000019.10:11102713:C:A	single nucleotide variant	missense variant|intron variant	Uncertain significance	Apr 28, 2023	reviewed by expert panel	NA	NA	NA	NA	NA	NA
NM_000527.5(LDLR):c.242G>A (p.Arg81His)	LDLR	R81H	Hypercholesterolemia, familial, 1	VCV000924271	19	11213391	19	11102715	924271	914681	rs1299591218	NC_000019.10:11102714:G:A	single nucleotide variant	missense variant|intron variant	Uncertain significance	Apr 28, 2023	reviewed by expert panel	NA	NA	NA	NA	NA	NA
NM_000527.5(LDLR):c.248T>C (p.Ile83Thr)	LDLR	I83T	Hypercholesterolemia, familial, 1	VCV000440551	19	11213397	19	11102721	440551	434201	rs1555802745	NC_000019.10:11102720:T:C	single nucleotide variant	missense variant|intron variant	Uncertain significance	Dec 11, 2025	reviewed by expert panel	NA	NA	NA	NA	NA	NA
NM_000527.5(LDLR):c.250C>T (p.Pro84Ser)	LDLR	P84S	Hypercholesterolemia, familial, 1	VCV000251094	19	11213399	19	11102723	251094	245437	rs879254449	NC_000019.10:11102722:C:T	single nucleotide variant	missense variant|intron variant	Uncertain significance	Mar 20, 2023	reviewed by expert panel	NA	NA	NA	NA	NA	NA
NM_000527.5(LDLR):c.251C>G (p.Pro84Arg)	LDLR	P84R	Hypercholesterolemia, familial, 1	VCV000251095	19	11213400	19	11102724	251095	245438	rs875989892	NC_000019.10:11102723:C:G	single nucleotide variant	missense variant|intron variant	Uncertain significance	Mar 20, 2023	reviewed by expert panel	NA	NA	NA	NA	NA	NA
NM_000527.5(LDLR):c.251C>T (p.Pro84Leu)	LDLR	P84L	Hypercholesterolemia, familial, 1	VCV000226310	19	11213400	19	11102724	226310	228123	rs875989892	NC_000019.10:11102723:C:T	single nucleotide variant	missense variant|intron variant	Uncertain significance	Mar 20, 2023	reviewed by expert panel	NA	NA	NA	NA	NA	NA
NM_000527.5(LDLR):c.255G>T (p.Gln85His)	LDLR	Q85H	Hypercholesterolemia, familial, 1	VCV000251096	19	11213404	19	11102728	251096	245439	rs879254450	NC_000019.10:11102727:G:T	single nucleotide variant	missense variant|intron variant	Uncertain significance	Jun 26, 2023	criteria provided, multiple submitters, no conflicts	NA	NA	NA	NA	NA	NA
NM_000527.5(LDLR):c.259T>C (p.Trp87Arg)	LDLR	W87R	Hypercholesterolemia, familial, 1	VCV000440552	19	11213408	19	11102732	440552	434202	rs121908025	NC_000019.10:11102731:T:C	single nucleotide variant	missense variant|intron variant	Uncertain significance	Dec 13, 2021	reviewed by expert panel	NA	NA	NA	NA	NA	NA
NM_000527.5(LDLR):c.264G>C (p.Arg88Ser)	LDLR	R88S	Hypercholesterolemia, familial, 1	VCV000251101	19	11213413	19	11102737	251101	245444	rs879254454	NC_000019.10:11102736:G:C	single nucleotide variant	missense variant|intron variant	Uncertain significance	Mar 25, 2016	criteria provided, single submitter	NA	NA	NA	NA	NA	NA
NM_000527.5(LDLR):c.274C>G (p.Gln92Glu)	LDLR	Q92E	Hypercholesterolemia, familial, 1	VCV000251108	19	11213423	19	11102747	251108	245451	rs774467219	NC_000019.10:11102746:C:G	single nucleotide variant	missense variant|intron variant	Uncertain significance	Oct 28, 2022	reviewed by expert panel	NA	NA	NA	NA	NA	NA
NM_000527.5(LDLR):c.286G>A (p.Asp96Asn)	LDLR	D96N	Familial hypercholesterolemia|Hypercholesterolemia, familial, 1|Cardiovascular phenotype	VCV000627786	19	11213435	19	11102759	627786	618936	rs774858755	NC_000019.10:11102758:G:A	single nucleotide variant	missense variant|intron variant	Uncertain significance	Oct 13, 2025	criteria provided, multiple submitters, no conflicts	NA	NA	NA	NA	NA	NA
NM_000527.5(LDLR):c.292G>T (p.Gly98Cys)	LDLR	G98C	Hypercholesterolemia, familial, 1	VCV000889190	19	11213441	19	11102765	889190	879827	rs750474121	NC_000019.10:11102764:G:T	single nucleotide variant	missense variant|intron variant	Uncertain significance	Feb 23, 2024	reviewed by expert panel	NA	NA	NA	NA	NA	NA
NM_000527.5(LDLR):c.292G>C (p.Gly98Arg)	LDLR	G98R	Hypercholesterolemia, familial, 1	VCV000251119	19	11213441	19	11102765	251119	245462	rs750474121	NC_000019.10:11102764:G:C	single nucleotide variant	missense variant|intron variant	Uncertain significance	Feb 23, 2024	reviewed by expert panel	NA	NA	NA	NA	NA	NA
NM_000527.5(LDLR):c.292G>A (p.Gly98Ser)	LDLR	G98S	Hypercholesterolemia, familial, 1	VCV000251118	19	11213441	19	11102765	251118	245461	rs750474121	NC_000019.10:11102764:G:A	single nucleotide variant	missense variant|intron variant	Uncertain significance	Feb 23, 2024	reviewed by expert panel	NA	NA	NA	NA	NA	NA
NM_000527.5(LDLR):c.293G>C (p.Gly98Ala)	LDLR	G98A	Hypercholesterolemia, familial, 1	VCV000920443	19	11213442	19	11102766	920443	914682	rs2077232672	NC_000019.10:11102765:G:C	single nucleotide variant	missense variant|intron variant	Uncertain significance	Feb 23, 2024	reviewed by expert panel	NA	NA	NA	NA	NA	NA
NM_000527.5(LDLR):c.300C>G (p.Asp100Glu)	LDLR	D100E	Hypercholesterolemia, familial, 1	VCV000440556	19	11213449	19	11102773	440556	434206	rs766709484	NC_000019.10:11102772:C:G	single nucleotide variant	missense variant|intron variant	Uncertain significance	Apr 28, 2023	reviewed by expert panel	NA	NA	NA	NA	NA	NA
NM_000527.5(LDLR):c.305A>C (p.Gln102Pro)	LDLR	Q102P	Hypercholesterolemia, familial, 1	VCV000251127	19	11213454	19	11102778	251127	245470	rs879254462	NC_000019.10:11102777:A:C	single nucleotide variant	missense variant|intron variant	Uncertain significance	Apr 28, 2023	reviewed by expert panel	NA	NA	NA	NA	NA	NA
NM_000527.5(LDLR):c.313+4A>G	LDLR	K192R	Hypercholesterolemia, familial, 1	VCV004856649	19	11213466	19	11102790	4856649	4967573	NA	NC_000019.10:11102789:A:G	single nucleotide variant	missense variant|intron variant	Uncertain significance	Feb 20, 2025	no assertion criteria provided	NA	NA	NA	NA	NA	NA
